{"trial_id": "de87701ded597145bf0731a572c46220", "hyperparameters": {"space": [{"class_name": "Int", "config": {"name": "units1", "default": null, "conditions": [], "min_value": 8, "max_value": 32, "step": 8, "sampling": null}}, {"class_name": "Int", "config": {"name": "units2", "default": null, "conditions": [], "min_value": 8, "max_value": 32, "step": 8, "sampling": null}}, {"class_name": "Choice", "config": {"name": "learning_rate", "default": 0.01, "conditions": [], "values": [0.01, 0.001, 0.0001], "ordered": true}}], "values": {"units1": 32, "units2": 24, "learning_rate": 0.0001, "tuner/epochs": 10, "tuner/initial_epoch": 0, "tuner/bracket": 0, "tuner/round": 0}}, "metrics": {"metrics": {"loss": {"direction": "min", "observations": [{"value": [0.6419068574905396], "step": 0}]}, "accuracy": {"direction": "max", "observations": [{"value": [0.9214046597480774], "step": 0}]}, "val_loss": {"direction": "min", "observations": [{"value": [0.6420865058898926], "step": 0}]}, "val_accuracy": {"direction": "max", "observations": [{"value": [0.9300000071525574], "step": 0}]}}}, "score": 0.9300000071525574, "best_step": 0, "status": "COMPLETED"}