{"trial_id": "fb46e728a105aa2875ca18aa669cf576", "hyperparameters": {"space": [{"class_name": "Int", "config": {"name": "units1", "default": null, "conditions": [], "min_value": 8, "max_value": 32, "step": 8, "sampling": null}}, {"class_name": "Int", "config": {"name": "units2", "default": null, "conditions": [], "min_value": 8, "max_value": 32, "step": 8, "sampling": null}}, {"class_name": "Choice", "config": {"name": "learning_rate", "default": 0.01, "conditions": [], "values": [0.01, 0.001, 0.0001], "ordered": true}}], "values": {"units1": 16, "units2": 32, "learning_rate": 0.01, "tuner/epochs": 3, "tuner/initial_epoch": 2, "tuner/bracket": 3, "tuner/round": 1, "tuner/trial_id": "442209c635f7ea5e33beb7f39621907b"}}, "metrics": {"metrics": {"loss": {"direction": "min", "observations": [{"value": [0.2585515081882477], "step": 0}]}, "accuracy": {"direction": "max", "observations": [{"value": [0.8979933261871338], "step": 0}]}, "val_loss": {"direction": "min", "observations": [{"value": [0.09067931026220322], "step": 0}]}, "val_accuracy": {"direction": "max", "observations": [{"value": [0.9549999833106995], "step": 0}]}}}, "score": 0.9549999833106995, "best_step": 0, "status": "COMPLETED"}