{"trial_id": "f740aac08d0989f1c1c4ea32d9199d05", "hyperparameters": {"space": [{"class_name": "Int", "config": {"name": "units1", "default": null, "conditions": [], "min_value": 8, "max_value": 32, "step": 8, "sampling": null}}, {"class_name": "Int", "config": {"name": "units2", "default": null, "conditions": [], "min_value": 8, "max_value": 32, "step": 8, "sampling": null}}, {"class_name": "Choice", "config": {"name": "learning_rate", "default": 0.01, "conditions": [], "values": [0.01, 0.001, 0.0001], "ordered": true}}], "values": {"units1": 32, "units2": 32, "learning_rate": 0.01, "tuner/epochs": 10, "tuner/initial_epoch": 5, "tuner/bracket": 2, "tuner/round": 2, "tuner/trial_id": "bf6036c3108f5175b25833e6470b57f4"}}, "metrics": {"metrics": {"loss": {"direction": "min", "observations": [{"value": [0.12138514965772629], "step": 0}]}, "accuracy": {"direction": "max", "observations": [{"value": [1.0], "step": 0}]}, "val_loss": {"direction": "min", "observations": [{"value": [0.10007607191801071], "step": 0}]}, "val_accuracy": {"direction": "max", "observations": [{"value": [1.0], "step": 0}]}}}, "score": 1.0, "best_step": 0, "status": "COMPLETED"}