{"ongoing_trials": {}, "hyperparameters": {"space": [{"class_name": "Int", "config": {"name": "units1", "default": null, "conditions": [], "min_value": 8, "max_value": 32, "step": 8, "sampling": null}}, {"class_name": "Int", "config": {"name": "units2", "default": null, "conditions": [], "min_value": 8, "max_value": 32, "step": 8, "sampling": null}}, {"class_name": "Choice", "config": {"name": "learning_rate", "default": 0.01, "conditions": [], "values": [0.01, 0.001, 0.0001], "ordered": true}}], "values": {"units1": 8, "units2": 8, "learning_rate": 0.01}}, "seed": 3925, "seed_state": 4060, "tried_so_far": ["4c1fdfe5bfdc42f1bede30000910ca42", "6691f96abf915629618452a0eb87c427", "b4dde2a33c5f5b5a67a3ae6021b71c6a", "9e81dee6e00e4f5d6b2474c19f3ea21a", "2e3b470a6d1328fbae89f9e7c5d2e9b9", "f035acbf30cb2ebd9058d3bb03d309e2", "9cf1f88ec8418f388b0cd7bc7d158c5e", "037b14fd0ba809279b94cc2299be8999", "f30027c6f71aa1d4700ced8b35a5a3e6", "fa5fef05b4644ede440f2635ad39f59d", "09753ed0fc8bf7f7541d46eef4308bba", "9655e26e7c42553f98a5b2c13ac64465", "7d4a170f953fe4fc4341e16f9330dfca", "c06368bcb6eb63ef092d68e3faa503ab", "740142e71e34a86f9ec76d922b8a5b04", "28937a6c1abf3ce53b697edb94f3102f", "b2150a1ceb5f8ffabda73be66fc60f81", "72b4be4ad04a76d0090d2e1149cf5b0c", "6d4bca3b012efcc3a826389e367a77bd", "21b1febf2e19912beb66e5293b82d25f", "b1c62e2622dc77ed15a0809d6b4b2dd1", "07695b537c947993624c5155aba104fd", "a0bd2007e339e8c7c55a40f8230ea7ac", "c5444cb5ce0c72679306cf9992828907", "ed2ad0d26e8c6a17b7f12e41ebc13da8", "4713d5d592bac295b4a61b6fead2235e", "39b486b3fcd79ba6b873dd0270cc451c"], "hyperband_iterations": 1, "max_epochs": 10, "min_epochs": 1, "factor": 2, "brackets": [{"bracket_num": 0, "rounds": [[{"past_id": null, "id": "5068511492d490b11393b5eb365be89d"}, {"past_id": null, "id": "71c775088965e1da0a4ddbaa31159bd4"}, {"past_id": null, "id": "eb80be880a918c74ffb71dfb7e95b206"}, {"past_id": null, "id": "de87701ded597145bf0731a572c46220"}, {"past_id": null, "id": "e05a3eb6967544b0c595f2f78692581b"}]]}], "current_bracket": 0, "current_iteration": 0}