{"trial_id": "978960336565be3eda719d084584d09f", "hyperparameters": {"space": [{"class_name": "Int", "config": {"name": "units1", "default": null, "conditions": [], "min_value": 8, "max_value": 32, "step": 8, "sampling": null}}, {"class_name": "Int", "config": {"name": "units2", "default": null, "conditions": [], "min_value": 8, "max_value": 32, "step": 8, "sampling": null}}, {"class_name": "Choice", "config": {"name": "learning_rate", "default": 0.01, "conditions": [], "values": [0.01, 0.001, 0.0001], "ordered": true}}], "values": {"units1": 16, "units2": 16, "learning_rate": 0.01, "tuner/epochs": 10, "tuner/initial_epoch": 5, "tuner/bracket": 3, "tuner/round": 3, "tuner/trial_id": "b73c46c5723a63e98d77789e8739d589"}}, "metrics": {"metrics": {"loss": {"direction": "min", "observations": [{"value": [0.27748310565948486], "step": 0}]}, "accuracy": {"direction": "max", "observations": [{"value": [1.0], "step": 0}]}, "val_loss": {"direction": "min", "observations": [{"value": [0.05156141147017479], "step": 0}]}, "val_accuracy": {"direction": "max", "observations": [{"value": [1.0], "step": 0}]}}}, "score": 1.0, "best_step": 0, "status": "COMPLETED"}