{"trial_id": "cbd9a6f32b188268104d06371b2bf242", "hyperparameters": {"space": [{"class_name": "Int", "config": {"name": "units1", "default": null, "conditions": [], "min_value": 8, "max_value": 32, "step": 8, "sampling": null}}, {"class_name": "Int", "config": {"name": "units2", "default": null, "conditions": [], "min_value": 8, "max_value": 32, "step": 8, "sampling": null}}, {"class_name": "Choice", "config": {"name": "learning_rate", "default": 0.01, "conditions": [], "values": [0.01, 0.001, 0.0001], "ordered": true}}], "values": {"units1": 16, "units2": 32, "learning_rate": 0.0001, "tuner/epochs": 2, "tuner/initial_epoch": 0, "tuner/bracket": 3, "tuner/round": 0}}, "metrics": {"metrics": {"loss": {"direction": "min", "observations": [{"value": [0.6898390650749207], "step": 0}]}, "accuracy": {"direction": "max", "observations": [{"value": [0.5066889524459839], "step": 0}]}, "val_loss": {"direction": "min", "observations": [{"value": [0.6858919262886047], "step": 0}]}, "val_accuracy": {"direction": "max", "observations": [{"value": [0.4950000047683716], "step": 0}]}}}, "score": 0.4950000047683716, "best_step": 0, "status": "COMPLETED"}