{"trial_id": "b73c46c5723a63e98d77789e8739d589", "hyperparameters": {"space": [{"class_name": "Int", "config": {"name": "units1", "default": null, "conditions": [], "min_value": 8, "max_value": 32, "step": 8, "sampling": null}}, {"class_name": "Int", "config": {"name": "units2", "default": null, "conditions": [], "min_value": 8, "max_value": 32, "step": 8, "sampling": null}}, {"class_name": "Choice", "config": {"name": "learning_rate", "default": 0.01, "conditions": [], "values": [0.01, 0.001, 0.0001], "ordered": true}}], "values": {"units1": 16, "units2": 16, "learning_rate": 0.01, "tuner/epochs": 5, "tuner/initial_epoch": 3, "tuner/bracket": 3, "tuner/round": 2, "tuner/trial_id": "94a20e7ce0202e180e36ebaa2147c48b"}}, "metrics": {"metrics": {"loss": {"direction": "min", "observations": [{"value": [0.2905198037624359], "step": 0}]}, "accuracy": {"direction": "max", "observations": [{"value": [0.9916387796401978], "step": 0}]}, "val_loss": {"direction": "min", "observations": [{"value": [0.04730534926056862], "step": 0}]}, "val_accuracy": {"direction": "max", "observations": [{"value": [0.9950000047683716], "step": 0}]}}}, "score": 0.9950000047683716, "best_step": 0, "status": "COMPLETED"}