{"trial_id": "cca6ca23ce0ba9ca2a35654f61ca0356", "hyperparameters": {"space": [{"class_name": "Int", "config": {"name": "units1", "default": null, "conditions": [], "min_value": 8, "max_value": 32, "step": 8, "sampling": null}}, {"class_name": "Int", "config": {"name": "units2", "default": null, "conditions": [], "min_value": 8, "max_value": 32, "step": 8, "sampling": null}}, {"class_name": "Choice", "config": {"name": "learning_rate", "default": 0.01, "conditions": [], "values": [0.01, 0.001, 0.0001], "ordered": true}}], "values": {"units1": 16, "units2": 16, "learning_rate": 0.001, "tuner/epochs": 3, "tuner/initial_epoch": 0, "tuner/bracket": 2, "tuner/round": 0}}, "metrics": {"metrics": {"loss": {"direction": "min", "observations": [{"value": [0.7076246738433838], "step": 0}]}, "accuracy": {"direction": "max", "observations": [{"value": [0.9581939578056335], "step": 0}]}, "val_loss": {"direction": "min", "observations": [{"value": [0.6634600758552551], "step": 0}]}, "val_accuracy": {"direction": "max", "observations": [{"value": [0.9750000238418579], "step": 0}]}}}, "score": 0.9750000238418579, "best_step": 0, "status": "COMPLETED"}