{"trial_id": "4004a3e4fb2a3481ac0f90684d20deff", "hyperparameters": {"space": [{"class_name": "Int", "config": {"name": "units1", "default": null, "conditions": [], "min_value": 8, "max_value": 32, "step": 8, "sampling": null}}, {"class_name": "Int", "config": {"name": "units2", "default": null, "conditions": [], "min_value": 8, "max_value": 32, "step": 8, "sampling": null}}, {"class_name": "Choice", "config": {"name": "learning_rate", "default": 0.01, "conditions": [], "values": [0.01, 0.001, 0.0001], "ordered": true}}], "values": {"units1": 24, "units2": 16, "learning_rate": 0.01, "tuner/epochs": 3, "tuner/initial_epoch": 2, "tuner/bracket": 3, "tuner/round": 1, "tuner/trial_id": "2440cd294a4fcd38010212ff69866262"}}, "metrics": {"metrics": {"loss": {"direction": "min", "observations": [{"value": [0.2385939061641693], "step": 0}]}, "accuracy": {"direction": "max", "observations": [{"value": [0.9331103563308716], "step": 0}]}, "val_loss": {"direction": "min", "observations": [{"value": [0.015239196829497814], "step": 0}]}, "val_accuracy": {"direction": "max", "observations": [{"value": [1.0], "step": 0}]}}}, "score": 1.0, "best_step": 0, "status": "COMPLETED"}