{"trial_id": "d3415856dece1d497cae2e35ebe2023b", "hyperparameters": {"space": [{"class_name": "Int", "config": {"name": "units1", "default": null, "conditions": [], "min_value": 8, "max_value": 32, "step": 8, "sampling": null}}, {"class_name": "Int", "config": {"name": "units2", "default": null, "conditions": [], "min_value": 8, "max_value": 32, "step": 8, "sampling": null}}, {"class_name": "Choice", "config": {"name": "learning_rate", "default": 0.01, "conditions": [], "values": [0.01, 0.001, 0.0001], "ordered": true}}], "values": {"units1": 32, "units2": 16, "learning_rate": 0.0001, "tuner/epochs": 2, "tuner/initial_epoch": 0, "tuner/bracket": 3, "tuner/round": 0}}, "metrics": {"metrics": {"loss": {"direction": "min", "observations": [{"value": [0.6729103922843933], "step": 0}]}, "accuracy": {"direction": "max", "observations": [{"value": [0.5117056965827942], "step": 0}]}, "val_loss": {"direction": "min", "observations": [{"value": [0.6696997284889221], "step": 0}]}, "val_accuracy": {"direction": "max", "observations": [{"value": [0.49000000953674316], "step": 0}]}}}, "score": 0.49000000953674316, "best_step": 0, "status": "COMPLETED"}