{"trial_id": "3d67089634f13d0cf0cba5e0e7cf3854", "hyperparameters": {"space": [{"class_name": "Int", "config": {"name": "units1", "default": null, "conditions": [], "min_value": 8, "max_value": 32, "step": 8, "sampling": null}}, {"class_name": "Int", "config": {"name": "units2", "default": null, "conditions": [], "min_value": 8, "max_value": 32, "step": 8, "sampling": null}}, {"class_name": "Choice", "config": {"name": "learning_rate", "default": 0.01, "conditions": [], "values": [0.01, 0.001, 0.0001], "ordered": true}}], "values": {"units1": 8, "units2": 16, "learning_rate": 0.001, "tuner/epochs": 3, "tuner/initial_epoch": 0, "tuner/bracket": 2, "tuner/round": 0}}, "metrics": {"metrics": {"loss": {"direction": "min", "observations": [{"value": [0.6616637706756592], "step": 0}]}, "accuracy": {"direction": "max", "observations": [{"value": [0.8829431533813477], "step": 0}]}, "val_loss": {"direction": "min", "observations": [{"value": [0.6442933678627014], "step": 0}]}, "val_accuracy": {"direction": "max", "observations": [{"value": [0.8899999856948853], "step": 0}]}}}, "score": 0.8899999856948853, "best_step": 0, "status": "COMPLETED"}