{"trial_id": "71c775088965e1da0a4ddbaa31159bd4", "hyperparameters": {"space": [{"class_name": "Int", "config": {"name": "units1", "default": null, "conditions": [], "min_value": 8, "max_value": 32, "step": 8, "sampling": null}}, {"class_name": "Int", "config": {"name": "units2", "default": null, "conditions": [], "min_value": 8, "max_value": 32, "step": 8, "sampling": null}}, {"class_name": "Choice", "config": {"name": "learning_rate", "default": 0.01, "conditions": [], "values": [0.01, 0.001, 0.0001], "ordered": true}}], "values": {"units1": 16, "units2": 8, "learning_rate": 0.0001, "tuner/epochs": 10, "tuner/initial_epoch": 0, "tuner/bracket": 0, "tuner/round": 0}}, "metrics": {"metrics": {"loss": {"direction": "min", "observations": [{"value": [0.6447906494140625], "step": 0}]}, "accuracy": {"direction": "max", "observations": [{"value": [0.9481605291366577], "step": 0}]}, "val_loss": {"direction": "min", "observations": [{"value": [0.6443006992340088], "step": 0}]}, "val_accuracy": {"direction": "max", "observations": [{"value": [0.9300000071525574], "step": 0}]}}}, "score": 0.9300000071525574, "best_step": 0, "status": "COMPLETED"}