{"trial_id": "e05a3eb6967544b0c595f2f78692581b", "hyperparameters": {"space": [{"class_name": "Int", "config": {"name": "units1", "default": null, "conditions": [], "min_value": 8, "max_value": 32, "step": 8, "sampling": null}}, {"class_name": "Int", "config": {"name": "units2", "default": null, "conditions": [], "min_value": 8, "max_value": 32, "step": 8, "sampling": null}}, {"class_name": "Choice", "config": {"name": "learning_rate", "default": 0.01, "conditions": [], "values": [0.01, 0.001, 0.0001], "ordered": true}}], "values": {"units1": 8, "units2": 32, "learning_rate": 0.0001, "tuner/epochs": 10, "tuner/initial_epoch": 0, "tuner/bracket": 0, "tuner/round": 0}}, "metrics": {"metrics": {"loss": {"direction": "min", "observations": [{"value": [0.6374590396881104], "step": 0}]}, "accuracy": {"direction": "max", "observations": [{"value": [0.5802675485610962], "step": 0}]}, "val_loss": {"direction": "min", "observations": [{"value": [0.6385651230812073], "step": 0}]}, "val_accuracy": {"direction": "max", "observations": [{"value": [0.5899999737739563], "step": 0}]}}}, "score": 0.5899999737739563, "best_step": 0, "status": "COMPLETED"}