{"trial_id": "d4848d217f4d57bfc9bd7dd3535d3193", "hyperparameters": {"space": [{"class_name": "Int", "config": {"name": "units1", "default": null, "conditions": [], "min_value": 8, "max_value": 32, "step": 8, "sampling": null}}, {"class_name": "Int", "config": {"name": "units2", "default": null, "conditions": [], "min_value": 8, "max_value": 32, "step": 8, "sampling": null}}, {"class_name": "Choice", "config": {"name": "learning_rate", "default": 0.01, "conditions": [], "values": [0.01, 0.001, 0.0001], "ordered": true}}], "values": {"units1": 32, "units2": 8, "learning_rate": 0.01, "tuner/epochs": 5, "tuner/initial_epoch": 3, "tuner/bracket": 2, "tuner/round": 1, "tuner/trial_id": "6a5ec67f791933851517a699ca1447a4"}}, "metrics": {"metrics": {"loss": {"direction": "min", "observations": [{"value": [0.2571008801460266], "step": 0}]}, "accuracy": {"direction": "max", "observations": [{"value": [0.9949832558631897], "step": 0}]}, "val_loss": {"direction": "min", "observations": [{"value": [0.05376357212662697], "step": 0}]}, "val_accuracy": {"direction": "max", "observations": [{"value": [0.9950000047683716], "step": 0}]}}}, "score": 0.9950000047683716, "best_step": 0, "status": "COMPLETED"}