{"trial_id": "acd06eb2c9e03f1a4dd13e9b661249c0", "hyperparameters": {"space": [{"class_name": "Int", "config": {"name": "units1", "default": null, "conditions": [], "min_value": 8, "max_value": 32, "step": 8, "sampling": null}}, {"class_name": "Int", "config": {"name": "units2", "default": null, "conditions": [], "min_value": 8, "max_value": 32, "step": 8, "sampling": null}}, {"class_name": "Choice", "config": {"name": "learning_rate", "default": 0.01, "conditions": [], "values": [0.01, 0.001, 0.0001], "ordered": true}}], "values": {"units1": 16, "units2": 16, "learning_rate": 0.01, "tuner/epochs": 2, "tuner/initial_epoch": 0, "tuner/bracket": 3, "tuner/round": 0}}, "metrics": {"metrics": {"loss": {"direction": "min", "observations": [{"value": [0.24366649985313416], "step": 0}]}, "accuracy": {"direction": "max", "observations": [{"value": [0.9933110475540161], "step": 0}]}, "val_loss": {"direction": "min", "observations": [{"value": [0.06187746673822403], "step": 0}]}, "val_accuracy": {"direction": "max", "observations": [{"value": [1.0], "step": 0}]}}}, "score": 1.0, "best_step": 0, "status": "COMPLETED"}