{"trial_id": "bf6036c3108f5175b25833e6470b57f4", "hyperparameters": {"space": [{"class_name": "Int", "config": {"name": "units1", "default": null, "conditions": [], "min_value": 8, "max_value": 32, "step": 8, "sampling": null}}, {"class_name": "Int", "config": {"name": "units2", "default": null, "conditions": [], "min_value": 8, "max_value": 32, "step": 8, "sampling": null}}, {"class_name": "Choice", "config": {"name": "learning_rate", "default": 0.01, "conditions": [], "values": [0.01, 0.001, 0.0001], "ordered": true}}], "values": {"units1": 32, "units2": 32, "learning_rate": 0.01, "tuner/epochs": 5, "tuner/initial_epoch": 3, "tuner/bracket": 2, "tuner/round": 1, "tuner/trial_id": "585b629ef1f70ed7532ab3611595123b"}}, "metrics": {"metrics": {"loss": {"direction": "min", "observations": [{"value": [0.15251456201076508], "step": 0}]}, "accuracy": {"direction": "max", "observations": [{"value": [0.9882943034172058], "step": 0}]}, "val_loss": {"direction": "min", "observations": [{"value": [0.09638538211584091], "step": 0}]}, "val_accuracy": {"direction": "max", "observations": [{"value": [1.0], "step": 0}]}}}, "score": 1.0, "best_step": 0, "status": "COMPLETED"}