{"trial_id": "c3f2b8c0ac4986a4497a2dfde6421341", "hyperparameters": {"space": [{"class_name": "Int", "config": {"name": "units1", "default": null, "conditions": [], "min_value": 8, "max_value": 32, "step": 8, "sampling": null}}, {"class_name": "Int", "config": {"name": "units2", "default": null, "conditions": [], "min_value": 8, "max_value": 32, "step": 8, "sampling": null}}, {"class_name": "Choice", "config": {"name": "learning_rate", "default": 0.01, "conditions": [], "values": [0.01, 0.001, 0.0001], "ordered": true}}], "values": {"units1": 24, "units2": 32, "learning_rate": 0.001, "tuner/epochs": 5, "tuner/initial_epoch": 0, "tuner/bracket": 1, "tuner/round": 0}}, "metrics": {"metrics": {"loss": {"direction": "min", "observations": [{"value": [0.6457018256187439], "step": 0}]}, "accuracy": {"direction": "max", "observations": [{"value": [0.9966555237770081], "step": 0}]}, "val_loss": {"direction": "min", "observations": [{"value": [0.5723515152931213], "step": 0}]}, "val_accuracy": {"direction": "max", "observations": [{"value": [0.9950000047683716], "step": 0}]}}}, "score": 0.9950000047683716, "best_step": 0, "status": "COMPLETED"}