{"trial_id": "0298b2a2670986642c82ac79269dabd3", "hyperparameters": {"space": [{"class_name": "Int", "config": {"name": "units1", "default": null, "conditions": [], "min_value": 8, "max_value": 32, "step": 8, "sampling": null}}, {"class_name": "Int", "config": {"name": "units2", "default": null, "conditions": [], "min_value": 8, "max_value": 32, "step": 8, "sampling": null}}, {"class_name": "Choice", "config": {"name": "learning_rate", "default": 0.01, "conditions": [], "values": [0.01, 0.001, 0.0001], "ordered": true}}], "values": {"units1": 24, "units2": 24, "learning_rate": 0.0001, "tuner/epochs": 5, "tuner/initial_epoch": 0, "tuner/bracket": 1, "tuner/round": 0}}, "metrics": {"metrics": {"loss": {"direction": "min", "observations": [{"value": [0.6487440466880798], "step": 0}]}, "accuracy": {"direction": "max", "observations": [{"value": [0.8143812417984009], "step": 0}]}, "val_loss": {"direction": "min", "observations": [{"value": [0.6500601768493652], "step": 0}]}, "val_accuracy": {"direction": "max", "observations": [{"value": [0.7649999856948853], "step": 0}]}}}, "score": 0.7649999856948853, "best_step": 0, "status": "COMPLETED"}