{"trial_id": "9f9ddaacc3b5325eeb807581fc862f18", "hyperparameters": {"space": [{"class_name": "Int", "config": {"name": "units1", "default": null, "conditions": [], "min_value": 8, "max_value": 32, "step": 8, "sampling": null}}, {"class_name": "Int", "config": {"name": "units2", "default": null, "conditions": [], "min_value": 8, "max_value": 32, "step": 8, "sampling": null}}, {"class_name": "Choice", "config": {"name": "learning_rate", "default": 0.01, "conditions": [], "values": [0.01, 0.001, 0.0001], "ordered": true}}], "values": {"units1": 16, "units2": 32, "learning_rate": 0.01, "tuner/epochs": 5, "tuner/initial_epoch": 3, "tuner/bracket": 3, "tuner/round": 2, "tuner/trial_id": "fb46e728a105aa2875ca18aa669cf576"}}, "metrics": {"metrics": {"loss": {"direction": "min", "observations": [{"value": [0.19360941648483276], "step": 0}]}, "accuracy": {"direction": "max", "observations": [{"value": [0.9916387796401978], "step": 0}]}, "val_loss": {"direction": "min", "observations": [{"value": [0.04509998857975006], "step": 0}]}, "val_accuracy": {"direction": "max", "observations": [{"value": [0.9950000047683716], "step": 0}]}}}, "score": 0.9950000047683716, "best_step": 0, "status": "COMPLETED"}