{"trial_id": "5276c5c9efeb1e93ff55bfbb58c1820d", "hyperparameters": {"space": [{"class_name": "Int", "config": {"name": "units1", "default": null, "conditions": [], "min_value": 8, "max_value": 32, "step": 8, "sampling": null}}, {"class_name": "Int", "config": {"name": "units2", "default": null, "conditions": [], "min_value": 8, "max_value": 32, "step": 8, "sampling": null}}, {"class_name": "Choice", "config": {"name": "learning_rate", "default": 0.01, "conditions": [], "values": [0.01, 0.001, 0.0001], "ordered": true}}], "values": {"units1": 24, "units2": 24, "learning_rate": 0.001, "tuner/epochs": 2, "tuner/initial_epoch": 0, "tuner/bracket": 3, "tuner/round": 0}}, "metrics": {"metrics": {"loss": {"direction": "min", "observations": [{"value": [0.5973275303840637], "step": 0}]}, "accuracy": {"direction": "max", "observations": [{"value": [0.9397993087768555], "step": 0}]}, "val_loss": {"direction": "min", "observations": [{"value": [0.5096902251243591], "step": 0}]}, "val_accuracy": {"direction": "max", "observations": [{"value": [0.9750000238418579], "step": 0}]}}}, "score": 0.9750000238418579, "best_step": 0, "status": "COMPLETED"}