{"trial_id": "ef97ef43297376160da6045d4f0aef84", "hyperparameters": {"space": [{"class_name": "Int", "config": {"name": "units1", "default": null, "conditions": [], "min_value": 8, "max_value": 32, "step": 8, "sampling": null}}, {"class_name": "Int", "config": {"name": "units2", "default": null, "conditions": [], "min_value": 8, "max_value": 32, "step": 8, "sampling": null}}, {"class_name": "Choice", "config": {"name": "learning_rate", "default": 0.01, "conditions": [], "values": [0.01, 0.001, 0.0001], "ordered": true}}], "values": {"units1": 24, "units2": 8, "learning_rate": 0.0001, "tuner/epochs": 2, "tuner/initial_epoch": 0, "tuner/bracket": 3, "tuner/round": 0}}, "metrics": {"metrics": {"loss": {"direction": "min", "observations": [{"value": [0.7096068859100342], "step": 0}]}, "accuracy": {"direction": "max", "observations": [{"value": [0.4481605291366577], "step": 0}]}, "val_loss": {"direction": "min", "observations": [{"value": [0.7048996090888977], "step": 0}]}, "val_accuracy": {"direction": "max", "observations": [{"value": [0.46000000834465027], "step": 0}]}}}, "score": 0.46000000834465027, "best_step": 0, "status": "COMPLETED"}