{"trial_id": "026d3346f4cf21613bf8db7ff432e100", "hyperparameters": {"space": [{"class_name": "Int", "config": {"name": "units1", "default": null, "conditions": [], "min_value": 8, "max_value": 32, "step": 8, "sampling": null}}, {"class_name": "Int", "config": {"name": "units2", "default": null, "conditions": [], "min_value": 8, "max_value": 32, "step": 8, "sampling": null}}, {"class_name": "Choice", "config": {"name": "learning_rate", "default": 0.01, "conditions": [], "values": [0.01, 0.001, 0.0001], "ordered": true}}], "values": {"units1": 32, "units2": 32, "learning_rate": 0.0001, "tuner/epochs": 3, "tuner/initial_epoch": 2, "tuner/bracket": 3, "tuner/round": 1, "tuner/trial_id": "566f225fff0c955650d907221ccccc5e"}}, "metrics": {"metrics": {"loss": {"direction": "min", "observations": [{"value": [0.742599606513977], "step": 0}]}, "accuracy": {"direction": "max", "observations": [{"value": [0.4882943034172058], "step": 0}]}, "val_loss": {"direction": "min", "observations": [{"value": [0.721750020980835], "step": 0}]}, "val_accuracy": {"direction": "max", "observations": [{"value": [0.5], "step": 0}]}}}, "score": 0.5, "best_step": 0, "status": "COMPLETED"}