{"trial_id": "ce8d6bd7a4aa4792d69533d7228d0e0e", "hyperparameters": {"space": [{"class_name": "Int", "config": {"name": "units1", "default": null, "conditions": [], "min_value": 8, "max_value": 32, "step": 8, "sampling": null}}, {"class_name": "Int", "config": {"name": "units2", "default": null, "conditions": [], "min_value": 8, "max_value": 32, "step": 8, "sampling": null}}, {"class_name": "Choice", "config": {"name": "learning_rate", "default": 0.01, "conditions": [], "values": [0.01, 0.001, 0.0001], "ordered": true}}], "values": {"units1": 24, "units2": 16, "learning_rate": 0.001, "tuner/epochs": 3, "tuner/initial_epoch": 0, "tuner/bracket": 2, "tuner/round": 0}}, "metrics": {"metrics": {"loss": {"direction": "min", "observations": [{"value": [0.620203971862793], "step": 0}]}, "accuracy": {"direction": "max", "observations": [{"value": [0.9882943034172058], "step": 0}]}, "val_loss": {"direction": "min", "observations": [{"value": [0.5203781723976135], "step": 0}]}, "val_accuracy": {"direction": "max", "observations": [{"value": [1.0], "step": 0}]}}}, "score": 1.0, "best_step": 0, "status": "COMPLETED"}