{"trial_id": "b2228a68ab38726d2dfeb583a8ff4c16", "hyperparameters": {"space": [{"class_name": "Int", "config": {"name": "units1", "default": null, "conditions": [], "min_value": 8, "max_value": 32, "step": 8, "sampling": null}}, {"class_name": "Int", "config": {"name": "units2", "default": null, "conditions": [], "min_value": 8, "max_value": 32, "step": 8, "sampling": null}}, {"class_name": "Choice", "config": {"name": "learning_rate", "default": 0.01, "conditions": [], "values": [0.01, 0.001, 0.0001], "ordered": true}}], "values": {"units1": 24, "units2": 16, "learning_rate": 0.0001, "tuner/epochs": 2, "tuner/initial_epoch": 0, "tuner/bracket": 3, "tuner/round": 0}}, "metrics": {"metrics": {"loss": {"direction": "min", "observations": [{"value": [0.633402943611145], "step": 0}]}, "accuracy": {"direction": "max", "observations": [{"value": [0.54347825050354], "step": 0}]}, "val_loss": {"direction": "min", "observations": [{"value": [0.6317217946052551], "step": 0}]}, "val_accuracy": {"direction": "max", "observations": [{"value": [0.5450000166893005], "step": 0}]}}}, "score": 0.5450000166893005, "best_step": 0, "status": "COMPLETED"}