{"trial_id": "457639d598f50d5eb857643494ea59f8", "hyperparameters": {"space": [{"class_name": "Int", "config": {"name": "units1", "default": null, "conditions": [], "min_value": 8, "max_value": 32, "step": 8, "sampling": null}}, {"class_name": "Int", "config": {"name": "units2", "default": null, "conditions": [], "min_value": 8, "max_value": 32, "step": 8, "sampling": null}}, {"class_name": "Choice", "config": {"name": "learning_rate", "default": 0.01, "conditions": [], "values": [0.01, 0.001, 0.0001], "ordered": true}}], "values": {"units1": 24, "units2": 16, "learning_rate": 0.01, "tuner/epochs": 10, "tuner/initial_epoch": 5, "tuner/bracket": 3, "tuner/round": 3, "tuner/trial_id": "cb5d992b8c5442262bbd4a024609abe9"}}, "metrics": {"metrics": {"loss": {"direction": "min", "observations": [{"value": [0.19824430346488953], "step": 0}]}, "accuracy": {"direction": "max", "observations": [{"value": [0.9983277320861816], "step": 0}]}, "val_loss": {"direction": "min", "observations": [{"value": [0.040907397866249084], "step": 0}]}, "val_accuracy": {"direction": "max", "observations": [{"value": [1.0], "step": 0}]}}}, "score": 1.0, "best_step": 0, "status": "COMPLETED"}