{"trial_id": "cb5d992b8c5442262bbd4a024609abe9", "hyperparameters": {"space": [{"class_name": "Int", "config": {"name": "units1", "default": null, "conditions": [], "min_value": 8, "max_value": 32, "step": 8, "sampling": null}}, {"class_name": "Int", "config": {"name": "units2", "default": null, "conditions": [], "min_value": 8, "max_value": 32, "step": 8, "sampling": null}}, {"class_name": "Choice", "config": {"name": "learning_rate", "default": 0.01, "conditions": [], "values": [0.01, 0.001, 0.0001], "ordered": true}}], "values": {"units1": 24, "units2": 16, "learning_rate": 0.01, "tuner/epochs": 5, "tuner/initial_epoch": 3, "tuner/bracket": 3, "tuner/round": 2, "tuner/trial_id": "4004a3e4fb2a3481ac0f90684d20deff"}}, "metrics": {"metrics": {"loss": {"direction": "min", "observations": [{"value": [0.21782520413398743], "step": 0}]}, "accuracy": {"direction": "max", "observations": [{"value": [0.9966555237770081], "step": 0}]}, "val_loss": {"direction": "min", "observations": [{"value": [0.020913006737828255], "step": 0}]}, "val_accuracy": {"direction": "max", "observations": [{"value": [1.0], "step": 0}]}}}, "score": 1.0, "best_step": 0, "status": "COMPLETED"}