{"trial_id": "0e935fe41b7627bf83fb362a276997d8", "hyperparameters": {"space": [{"class_name": "Int", "config": {"name": "units1", "default": null, "conditions": [], "min_value": 8, "max_value": 32, "step": 8, "sampling": null}}, {"class_name": "Int", "config": {"name": "units2", "default": null, "conditions": [], "min_value": 8, "max_value": 32, "step": 8, "sampling": null}}, {"class_name": "Choice", "config": {"name": "learning_rate", "default": 0.01, "conditions": [], "values": [0.01, 0.001, 0.0001], "ordered": true}}], "values": {"units1": 16, "units2": 8, "learning_rate": 0.001, "tuner/epochs": 10, "tuner/initial_epoch": 5, "tuner/bracket": 1, "tuner/round": 1, "tuner/trial_id": "7397e065b31348241637a112cc082ffe"}}, "metrics": {"metrics": {"loss": {"direction": "min", "observations": [{"value": [0.6714553833007812], "step": 0}]}, "accuracy": {"direction": "max", "observations": [{"value": [0.9882943034172058], "step": 0}]}, "val_loss": {"direction": "min", "observations": [{"value": [0.6312766075134277], "step": 0}]}, "val_accuracy": {"direction": "max", "observations": [{"value": [0.9900000095367432], "step": 0}]}}}, "score": 0.9900000095367432, "best_step": 0, "status": "COMPLETED"}