{"trial_id": "7cac9a39810555580b612bab1b29ec35", "hyperparameters": {"space": [{"class_name": "Int", "config": {"name": "units1", "default": null, "conditions": [], "min_value": 8, "max_value": 32, "step": 8, "sampling": null}}, {"class_name": "Int", "config": {"name": "units2", "default": null, "conditions": [], "min_value": 8, "max_value": 32, "step": 8, "sampling": null}}, {"class_name": "Choice", "config": {"name": "learning_rate", "default": 0.01, "conditions": [], "values": [0.01, 0.001, 0.0001], "ordered": true}}], "values": {"units1": 24, "units2": 16, "learning_rate": 0.001, "tuner/epochs": 5, "tuner/initial_epoch": 3, "tuner/bracket": 2, "tuner/round": 1, "tuner/trial_id": "ce8d6bd7a4aa4792d69533d7228d0e0e"}}, "metrics": {"metrics": {"loss": {"direction": "min", "observations": [{"value": [0.6228703260421753], "step": 0}]}, "accuracy": {"direction": "max", "observations": [{"value": [0.9832776188850403], "step": 0}]}, "val_loss": {"direction": "min", "observations": [{"value": [0.5460903644561768], "step": 0}]}, "val_accuracy": {"direction": "max", "observations": [{"value": [0.9800000190734863], "step": 0}]}}}, "score": 0.9800000190734863, "best_step": 0, "status": "COMPLETED"}