{"trial_id": "9ad6ff313182e87e8caebb135f9bb565", "hyperparameters": {"space": [{"class_name": "Int", "config": {"name": "units1", "default": null, "conditions": [], "min_value": 8, "max_value": 32, "step": 8, "sampling": null}}, {"class_name": "Int", "config": {"name": "units2", "default": null, "conditions": [], "min_value": 8, "max_value": 32, "step": 8, "sampling": null}}, {"class_name": "Choice", "config": {"name": "learning_rate", "default": 0.01, "conditions": [], "values": [0.01, 0.001, 0.0001], "ordered": true}}], "values": {"units1": 16, "units2": 24, "learning_rate": 0.01, "tuner/epochs": 10, "tuner/initial_epoch": 5, "tuner/bracket": 1, "tuner/round": 1, "tuner/trial_id": "e86945fe51bb5edfb54a2dd427ffce8a"}}, "metrics": {"metrics": {"loss": {"direction": "min", "observations": [{"value": [0.23041820526123047], "step": 0}]}, "accuracy": {"direction": "max", "observations": [{"value": [1.0], "step": 0}]}, "val_loss": {"direction": "min", "observations": [{"value": [0.04201774299144745], "step": 0}]}, "val_accuracy": {"direction": "max", "observations": [{"value": [1.0], "step": 0}]}}}, "score": 1.0, "best_step": 0, "status": "COMPLETED"}