{"trial_id": "6a51a7d4e704b28b92f66880bd1a1640", "hyperparameters": {"space": [{"class_name": "Int", "config": {"name": "units1", "default": null, "conditions": [], "min_value": 8, "max_value": 32, "step": 8, "sampling": null}}, {"class_name": "Int", "config": {"name": "units2", "default": null, "conditions": [], "min_value": 8, "max_value": 32, "step": 8, "sampling": null}}, {"class_name": "Choice", "config": {"name": "learning_rate", "default": 0.01, "conditions": [], "values": [0.01, 0.001, 0.0001], "ordered": true}}], "values": {"units1": 16, "units2": 8, "learning_rate": 0.01, "tuner/epochs": 10, "tuner/initial_epoch": 5, "tuner/bracket": 2, "tuner/round": 2, "tuner/trial_id": "b92db054f269b619289eb826e7d57158"}}, "metrics": {"metrics": {"loss": {"direction": "min", "observations": [{"value": [0.2803462743759155], "step": 0}]}, "accuracy": {"direction": "max", "observations": [{"value": [1.0], "step": 0}]}, "val_loss": {"direction": "min", "observations": [{"value": [0.038019150495529175], "step": 0}]}, "val_accuracy": {"direction": "max", "observations": [{"value": [1.0], "step": 0}]}}}, "score": 1.0, "best_step": 0, "status": "COMPLETED"}