{"trial_id": "566f225fff0c955650d907221ccccc5e", "hyperparameters": {"space": [{"class_name": "Int", "config": {"name": "units1", "default": null, "conditions": [], "min_value": 8, "max_value": 32, "step": 8, "sampling": null}}, {"class_name": "Int", "config": {"name": "units2", "default": null, "conditions": [], "min_value": 8, "max_value": 32, "step": 8, "sampling": null}}, {"class_name": "Choice", "config": {"name": "learning_rate", "default": 0.01, "conditions": [], "values": [0.01, 0.001, 0.0001], "ordered": true}}], "values": {"units1": 32, "units2": 32, "learning_rate": 0.0001, "tuner/epochs": 2, "tuner/initial_epoch": 0, "tuner/bracket": 3, "tuner/round": 0}}, "metrics": {"metrics": {"loss": {"direction": "min", "observations": [{"value": [0.6706292629241943], "step": 0}]}, "accuracy": {"direction": "max", "observations": [{"value": [0.8896321058273315], "step": 0}]}, "val_loss": {"direction": "min", "observations": [{"value": [0.6623704433441162], "step": 0}]}, "val_accuracy": {"direction": "max", "observations": [{"value": [0.8700000047683716], "step": 0}]}}}, "score": 0.8700000047683716, "best_step": 0, "status": "COMPLETED"}