{"trial_id": "390e50dc77740e232e2aaf86bfff3dbe", "hyperparameters": {"space": [{"class_name": "Int", "config": {"name": "units1", "default": null, "conditions": [], "min_value": 8, "max_value": 32, "step": 8, "sampling": null}}, {"class_name": "Int", "config": {"name": "units2", "default": null, "conditions": [], "min_value": 8, "max_value": 32, "step": 8, "sampling": null}}, {"class_name": "Choice", "config": {"name": "learning_rate", "default": 0.01, "conditions": [], "values": [0.01, 0.001, 0.0001], "ordered": true}}], "values": {"units1": 24, "units2": 24, "learning_rate": 0.001, "tuner/epochs": 3, "tuner/initial_epoch": 2, "tuner/bracket": 3, "tuner/round": 1, "tuner/trial_id": "5276c5c9efeb1e93ff55bfbb58c1820d"}}, "metrics": {"metrics": {"loss": {"direction": "min", "observations": [{"value": [0.5794397592544556], "step": 0}]}, "accuracy": {"direction": "max", "observations": [{"value": [0.648829460144043], "step": 0}]}, "val_loss": {"direction": "min", "observations": [{"value": [0.5071382522583008], "step": 0}]}, "val_accuracy": {"direction": "max", "observations": [{"value": [0.875], "step": 0}]}}}, "score": 0.875, "best_step": 0, "status": "COMPLETED"}