{"trial_id": "41af454d3fab0146d6824a4b360388d8", "hyperparameters": {"space": [{"class_name": "Int", "config": {"name": "units1", "default": null, "conditions": [], "min_value": 8, "max_value": 32, "step": 8, "sampling": null}}, {"class_name": "Int", "config": {"name": "units2", "default": null, "conditions": [], "min_value": 8, "max_value": 32, "step": 8, "sampling": null}}, {"class_name": "Choice", "config": {"name": "learning_rate", "default": 0.01, "conditions": [], "values": [0.01, 0.001, 0.0001], "ordered": true}}], "values": {"units1": 32, "units2": 16, "learning_rate": 0.001, "tuner/epochs": 10, "tuner/initial_epoch": 5, "tuner/bracket": 1, "tuner/round": 1, "tuner/trial_id": "c3a9af93018153bb2b7ed9e78d1632a9"}}, "metrics": {"metrics": {"loss": {"direction": "min", "observations": [{"value": [0.6457843780517578], "step": 0}]}, "accuracy": {"direction": "max", "observations": [{"value": [0.9949832558631897], "step": 0}]}, "val_loss": {"direction": "min", "observations": [{"value": [0.5812453627586365], "step": 0}]}, "val_accuracy": {"direction": "max", "observations": [{"value": [0.9950000047683716], "step": 0}]}}}, "score": 0.9950000047683716, "best_step": 0, "status": "COMPLETED"}