{"trial_id": "84cd62629dfbcbb81290ebb007ec75db", "hyperparameters": {"space": [{"class_name": "Int", "config": {"name": "units1", "default": null, "conditions": [], "min_value": 8, "max_value": 32, "step": 8, "sampling": null}}, {"class_name": "Int", "config": {"name": "units2", "default": null, "conditions": [], "min_value": 8, "max_value": 32, "step": 8, "sampling": null}}, {"class_name": "Choice", "config": {"name": "learning_rate", "default": 0.01, "conditions": [], "values": [0.01, 0.001, 0.0001], "ordered": true}}], "values": {"units1": 16, "units2": 16, "learning_rate": 0.0001, "tuner/epochs": 2, "tuner/initial_epoch": 0, "tuner/bracket": 3, "tuner/round": 0}}, "metrics": {"metrics": {"loss": {"direction": "min", "observations": [{"value": [0.7306705117225647], "step": 0}]}, "accuracy": {"direction": "max", "observations": [{"value": [0.4264214038848877], "step": 0}]}, "val_loss": {"direction": "min", "observations": [{"value": [0.7272243499755859], "step": 0}]}, "val_accuracy": {"direction": "max", "observations": [{"value": [0.5099999904632568], "step": 0}]}}}, "score": 0.5099999904632568, "best_step": 0, "status": "COMPLETED"}