{"trial_id": "94a20e7ce0202e180e36ebaa2147c48b", "hyperparameters": {"space": [{"class_name": "Int", "config": {"name": "units1", "default": null, "conditions": [], "min_value": 8, "max_value": 32, "step": 8, "sampling": null}}, {"class_name": "Int", "config": {"name": "units2", "default": null, "conditions": [], "min_value": 8, "max_value": 32, "step": 8, "sampling": null}}, {"class_name": "Choice", "config": {"name": "learning_rate", "default": 0.01, "conditions": [], "values": [0.01, 0.001, 0.0001], "ordered": true}}], "values": {"units1": 16, "units2": 16, "learning_rate": 0.01, "tuner/epochs": 3, "tuner/initial_epoch": 2, "tuner/bracket": 3, "tuner/round": 1, "tuner/trial_id": "acd06eb2c9e03f1a4dd13e9b661249c0"}}, "metrics": {"metrics": {"loss": {"direction": "min", "observations": [{"value": [0.22778919339179993], "step": 0}]}, "accuracy": {"direction": "max", "observations": [{"value": [0.9515050053596497], "step": 0}]}, "val_loss": {"direction": "min", "observations": [{"value": [0.017987273633480072], "step": 0}]}, "val_accuracy": {"direction": "max", "observations": [{"value": [1.0], "step": 0}]}}}, "score": 1.0, "best_step": 0, "status": "COMPLETED"}